http://fourhorsemen.ca/shop/military-jogging-pants-medium-grey/,Military Jogging Pants Medium Grey,$170.00 ,http://fourhorsemen.ca/shop/images/4100
http://fourhorsemen.ca/shop/tapered-trouser-vision/,Tapered Trouser Vision,$155.00 ,http://fourhorsemen.ca/shop/images/3854
http://fourhorsemen.ca/shop/cavalry-twill-trouser-burgundy/,Cavalry Twill Trouser Burgundy,$210.00 ,http://fourhorsemen.ca/shop/images/3797
http://fourhorsemen.ca/shop/dry-chino-olive/,Dry Chino Olive,$185.00 ,http://fourhorsemen.ca/shop/images/3788
http://fourhorsemen.ca/shop/wool-blend-chino-pant-grey/,Wool Blend Chino Pant Grey,$300.00 ,http://fourhorsemen.ca/shop/images/3626
http://fourhorsemen.ca/shop/corded-cloth-pant-charcoal/,Corded Cloth Pant Charcoal,$260.00 ,http://fourhorsemen.ca/shop/images/3617
http://fourhorsemen.ca/shop/corded-cloth-pant-tan/,Corded Cloth Pant Tan,$260.00 ,http://fourhorsemen.ca/shop/images/3608
http://fourhorsemen.ca/shop/tiger-fleece-sweat-pant-wine/,Tiger Fleece Sweat Pant Wine,$150.00 ,http://fourhorsemen.ca/shop/images/3599
http://fourhorsemen.ca/shop/bush-pant-overdyed-camo-charcoal/,Bush Pant Overdyed Camo Charcoal,$275.00 ,http://fourhorsemen.ca/shop/images/3572
http://fourhorsemen.ca/shop/bush-pant-overdyed-camo-olive/,Bush Pant Overdyed Camo Olive,$275.00 ,http://fourhorsemen.ca/shop/images/3563
http://fourhorsemen.ca/shop/heavyweight-moleskin-pants-brick/,Heavyweight Moleskin Pants Brick,$135.00 ,http://fourhorsemen.ca/shop/images/3377
http://fourhorsemen.ca/shop/tiger-fleece-sweat-pant-black/,Tiger Fleece Sweat Pant Black,$150.00 ,http://fourhorsemen.ca/shop/images/3035
http://fourhorsemen.ca/shop/cargo-jogger-olive/,Cargo Jogger Olive,$220.00 ,http://fourhorsemen.ca/shop/images/2885
http://fourhorsemen.ca/shop/cargo-jogger-black/,Cargo Jogger Black,$220.00 ,http://fourhorsemen.ca/shop/images/2870
http://fourhorsemen.ca/shop/westpoint-chino-pant-olive/,Westpoint Chino Pant Olive,$195.00 ,http://fourhorsemen.ca/shop/images/2837
http://fourhorsemen.ca/shop/classic-chino-forest-green/,Classic Chino Forest Green,$180.00 ,http://fourhorsemen.ca/shop/images/2687
http://fourhorsemen.ca/shop/weird-guy-charcoal-herringbone/,Weird Guy Charcoal Herringbone,$155.00 ,http://fourhorsemen.ca/shop/images/2606
http://fourhorsemen.ca/shop/jogging-pants-medium-grey/,Jogging Pants Medium Grey,$80.00 ,http://fourhorsemen.ca/shop/images/1823
http://fourhorsemen.ca/shop/brushed-twill-cargo-pant-brown/,Brushed Twill Cargo Pant Brown,$110.00 ,http://fourhorsemen.ca/shop/images/1784
http://fourhorsemen.ca/shop/army-chino-olive/,Army Chino Olive,$75.00 ,http://fourhorsemen.ca/shop/images/1303
http://fourhorsemen.ca/shop/skinny-pant-brown-twill/,Skinny Pant Brown Twill,$100.00 ,http://fourhorsemen.ca/shop/images/1294
http://fourhorsemen.ca/shop/skinny-pant-gold/,Skinny Pant Gold,$75.00 ,http://fourhorsemen.ca/shop/images/1276
http://fourhorsemen.ca/shop/corduroy-supply-pant-khaki/,Corduroy Supply Pant Khaki,$90.00 ,http://fourhorsemen.ca/shop/images/225
